spk_id,wer
F01,0.8185404339250493
F03,0.32581360946745563
F04,0.16317991631799164
FC01,0.15304606240713226
FC02,0.13497376515288584
FC03,0.13519485737243872
M01,0.8324503311258278
M02,0.6352558895207149
M03,0.11122194513715711
M04,0.975796178343949
M05,0.9137466307277629
MC01,0.11621966794380588
MC02,0.16898395721925133
MC03,0.12184571016582552
MC04,0.11823745410036719
